{"album": "ccMixter", "time_signature": 4, "artist": "Linden Tree", "title": "Hey Bird", "energy": 0.3064686253259056, "liveness": 0.05724131894984889, "tempo": 79.96, "speechiness": 0.02915976041503837, "acousticness": 0.4740001112406042, "genre": "Acoustic", "sample_rate": 44100, "danceability": 0.6014492179827293, "key": 8, "duration": 303.93469, "loudness": -13.247, "valence": 0.3285697073295664, "bitrate": 128, "mode": 0}