{"album": "ccMixter", "time_signature": 4, "artist": "Doxent Zsigmond", "title": "October", "energy": 0.0955084783669374, "liveness": 0.07741629075364904, "tempo": 135.198, "speechiness": 0.032476465705452706, "acousticness": 0.9456998715658648, "genre": "Acoustic", "sample_rate": 44100, "danceability": 0.5414604675996669, "key": 10, "duration": 180.92408, "loudness": -16.106, "valence": 0.1800135716274504, "bitrate": 320, "mode": 1}